國際普通名稱,普通名稱,作物類別,容許量,備註
Chlorothalonil,四氯異苯腈,人參(鮮),1.5,殺菌劑
Chlorothalonil,四氯異苯腈,刀豆,5.0,殺菌劑
Chlorothalonil,四氯異苯腈,十字花科小葉菜類,5.0,殺菌劑
Chlorothalonil,四氯異苯腈,十字花科包葉菜類,5.0,殺菌劑
Chlorothalonil,四氯異苯腈,大漿果類,0.5,殺菌劑
Chlorothalonil,四氯異苯腈,其他小葉菜類(十字花科小葉菜類除外),2.0,殺菌劑
Chlorothalonil,四氯異苯腈,其他小漿果類(草莓、藍莓除外),0.7,殺菌劑
Chlorothalonil,四氯異苯腈,毛豆,5.0,殺菌劑
Chlorothalonil,四氯異苯腈,瓜果類,1.5,殺菌劑
Chlorothalonil,四氯異苯腈,瓜菜類,0.5,殺菌劑
Chlorothalonil,四氯異苯腈,艾草,2.0,殺菌劑
Chlorothalonil,四氯異苯腈,杏仁,0.05,殺菌劑
Chlorothalonil,四氯異苯腈,其他乾豆類(落花生除外),0.1,殺菌劑
Chlorothalonil,四氯異苯腈,果菜類,1.0,殺菌劑
Chlorothalonil,四氯異苯腈,油桃,1.0,殺菌劑
Chlorothalonil,四氯異苯腈,花豆(鮮),5.0,殺菌劑
Chlorothalonil,四氯異苯腈,扁豆,5.0,殺菌劑
Chlorothalonil,四氯異苯腈,柑桔類,3.0,殺菌劑
Chlorothalonil,四氯異苯腈,洋甘菊,2.0,殺菌劑
Chlorothalonil,四氯異苯腈,風茹草,2.0,殺菌劑
Chlorothalonil,四氯異苯腈,其他根莖菜類(人參除外),0.5,殺菌劑
Chlorothalonil,四氯異苯腈,桃,1.0,殺菌劑
Chlorothalonil,四氯異苯腈,茶,2.0,殺菌劑
Chlorothalonil,四氯異苯腈,草莓,2.5,殺菌劑
Chlorothalonil,四氯異苯腈,豇豆(鮮),5.0,殺菌劑
Chlorothalonil,四氯異苯腈,啤酒花,20,殺菌劑
Chlorothalonil,四氯異苯腈,結球萵苣,1.0,殺菌劑
Chlorothalonil,四氯異苯腈,菊花,2.0,殺菌劑
Chlorothalonil,四氯異苯腈,菜豆,5.0,殺菌劑
Chlorothalonil,四氯異苯腈,萊豆,5.0,殺菌劑
Chlorothalonil,四氯異苯腈,落花生,0.05,殺菌劑
Chlorothalonil,四氯異苯腈,榛果,0.05,殺菌劑
Chlorothalonil,四氯異苯腈,豌豆,5.0,殺菌劑
Chlorothalonil,四氯異苯腈,樹豆(鮮),5.0,殺菌劑
Chlorothalonil,四氯異苯腈,翼豆,5.0,殺菌劑
Chlorothalonil,四氯異苯腈,藍莓,1.0,殺菌劑
Chlorothalonil,四氯異苯腈,蘋果,1.0,殺菌劑
Chlorothalonil,四氯異苯腈,櫻桃,0.5,殺菌劑
Chlorothalonil,四氯異苯腈,蠶豆(鮮),5.0,殺菌劑
Chlorothalonil,四氯異苯腈,鷹嘴豆,5.0,殺菌劑
Chlorothalonil,四氯異苯腈,其他(蔬果類)*,0.02*,殺菌劑
Chlorothalonil,四氯異苯腈,其他(穀類)*,0.04*,殺菌劑
Chlorothalonil,四氯異苯腈,其他(茶類)*,0.1*,殺菌劑
Dimethomorph,達滅芬,人參(鮮),0.9,殺菌劑
Dimethomorph,達滅芬,十字花科小葉菜類,2.5,殺菌劑
Dimethomorph,達滅芬,十字花科包葉菜類,2.5,殺菌劑
Dimethomorph,達滅芬,山茼蒿,2.5,殺菌劑
Dimethomorph,達滅芬,山葵,0.05,殺菌劑
Dimethomorph,達滅芬,小黃瓜,1.0,殺菌劑
Dimethomorph,達滅芬,其他小漿果類(草莓、葡萄及蓮霧除外),1.0,殺菌劑
Dimethomorph,達滅芬,木瓜,1.0,殺菌劑
Dimethomorph,達滅芬,牛蒡,0.05,殺菌劑
Dimethomorph,達滅芬,不結球萵苣,6.0,殺菌劑
Dimethomorph,達滅芬,半結球萵苣,6.0,殺菌劑
Dimethomorph,達滅芬,白鳳菜,2.5,殺菌劑
Dimethomorph,達滅芬,瓜果類,1.0,殺菌劑
Dimethomorph,達滅芬,瓜菜類,1.0,殺菌劑
Dimethomorph,達滅芬,甘藷,0.05,殺菌劑
Dimethomorph,達滅芬,芳香萬壽菊,2.5,殺菌劑
Dimethomorph,達滅芬,紅鳳菜,2.5,殺菌劑
Dimethomorph,達滅芬,西瓜,1.0,殺菌劑
Dimethomorph,達滅芬,芋頭,0.5,殺菌劑
Dimethomorph,達滅芬,豆薯,0.05,殺菌劑
Dimethomorph,達滅芬,其他果菜類(番茄除外),1.0,殺菌劑
Dimethomorph,達滅芬,狗尾根草,0.05,殺菌劑
Dimethomorph,達滅芬,青蔥,2.5,殺菌劑
Dimethomorph,達滅芬,咸豐草,2.5,殺菌劑
Dimethomorph,達滅芬,枸杞,1.0,殺菌劑
Dimethomorph,達滅芬,洋牛蒡葉,2.5,殺菌劑
Dimethomorph,達滅芬,洋香瓜,1.0,殺菌劑
Dimethomorph,達滅芬,洋蔥,0.6,殺菌劑
Dimethomorph,達滅芬,胡瓜,1.0,殺菌劑
Dimethomorph,達滅芬,茄子,1.0,殺菌劑
Dimethomorph,達滅芬,韭菜,2.5,殺菌劑
Dimethomorph,達滅芬,韭菜花,2.5,殺菌劑
Dimethomorph,達滅芬,韭黃,2.5,殺菌劑
Dimethomorph,達滅芬,茼蒿,2.5,殺菌劑
Dimethomorph,達滅芬,香瓜,1.0,殺菌劑
Dimethomorph,達滅芬,草苺,2.0,殺菌劑
Dimethomorph,達滅芬,珠蔥,2.5,殺菌劑
Dimethomorph,達滅芬,馬鈴薯,0.05,殺菌劑
Dimethomorph,達滅芬,啤酒花,50,殺菌劑
Dimethomorph,達滅芬,球莖甘藍,0.05,殺菌劑
Dimethomorph,達滅芬,甜椒,1.0,殺菌劑
Dimethomorph,達滅芬,莧菜,2.5,殺菌劑
Dimethomorph,達滅芬,朝鮮薊,2.5,殺菌劑
Dimethomorph,達滅芬,結球萵苣,2.5,殺菌劑
Dimethomorph,達滅芬,番茄,1.5,殺菌劑
Dimethomorph,達滅芬,紫蘇(乾),0.5,殺菌劑
Dimethomorph,達滅芬,菠菜,2.5,殺菌劑
Dimethomorph,達滅芬,菊花,0.5,殺菌劑
Dimethomorph,達滅芬,黑皮波羅門參,0.05,殺菌劑
Dimethomorph,達滅芬,葉用甘藷,2.5,殺菌劑
Dimethomorph,達滅芬,葉用豌豆,2.5,殺菌劑
Dimethomorph,達滅芬,葡萄,3.0,殺菌劑
Dimethomorph,達滅芬,葡萄(乾),5.0,殺菌劑
Dimethomorph,達滅芬,蒜,2.5,殺菌劑
Dimethomorph,達滅芬,辣椒,1.0,殺菌劑
Dimethomorph,達滅芬,辣椒(乾),5.0,殺菌劑
Dimethomorph,達滅芬,鳳梨,0.01,殺菌劑
Dimethomorph,達滅芬,蓮霧,0.5,殺菌劑
Dimethomorph,達滅芬,豌豆,1.0,殺菌劑
Dimethomorph,達滅芬,蕪菁,0.05,殺菌劑
Dimethomorph,達滅芬,龍鬚菜,2.5,殺菌劑
Dimethomorph,達滅芬,蕗蕎,2.5,殺菌劑
Dimethomorph,達滅芬,蕹菜,2.5,殺菌劑
Dimethomorph,達滅芬,薑,0.05,殺菌劑
Dimethomorph,達滅芬,闊包菊,2.5,殺菌劑
Dimethomorph,達滅芬,闊葉大豆根,0.05,殺菌劑
Dimethomorph,達滅芬,蟛蜞菊,2.5,殺菌劑
Dimethomorph,達滅芬,羅勒,2.5,殺菌劑
Dimethomorph,達滅芬,蘿蔔,0.05,殺菌劑
Dimethomorph,達滅芬,其他(蔬果類)*,0.01*,殺菌劑
Dimethomorph,達滅芬,其他(穀類)*,0.02*,殺菌劑
Dimethomorph,達滅芬,其他(茶類)*,0.05*,殺菌劑
Dinotefuran,達特南,十字花科蔬菜,2.0,殺蟲劑
Dinotefuran,達特南,山茼蒿,2.0,殺蟲劑
Dinotefuran,達特南,不結球萵苣,2.0,殺蟲劑
Dinotefuran,達特南,木瓜,1.0,殺蟲劑
Dinotefuran,達特南,毛豆,0.5,殺蟲劑
Dinotefuran,達特南,火龍果,1.0,殺蟲劑
Dinotefuran,達特南,牛蒡,0.05,殺蟲劑
Dinotefuran,達特南,冬瓜,1.0,殺蟲劑
Dinotefuran,達特南,半結球萵苣,2.0,殺蟲劑
Dinotefuran,達特南,其他瓜果類(西瓜、洋香瓜、香瓜除外),0.5,殺蟲劑
Dinotefuran,達特南,其他瓜菜類(冬瓜、南瓜、扁蒲、苦瓜、夏南瓜、隼人瓜、絲瓜、越瓜除外),0.5,殺蟲劑
Dinotefuran,達特南,甘藷,0.05,殺蟲劑
Dinotefuran,達特南,白鳳菜,2.0,殺蟲劑
Dinotefuran,達特南,印度棗,0.5,殺蟲劑
Dinotefuran,達特南,百香果,1.0,殺蟲劑
Dinotefuran,達特南,竹筍,0.05,殺蟲劑
Dinotefuran,達特南,米,1.0,殺蟲劑
Dinotefuran,達特南,西瓜,1.0,殺蟲劑
Dinotefuran,達特南,李,1.0,殺蟲劑
Dinotefuran,達特南,杏,1.0,殺蟲劑
Dinotefuran,達特南,芋頭,0.05,殺蟲劑
Dinotefuran,達特南,芒果,1.0,殺蟲劑
Dinotefuran,達特南,豆薯,0.05,殺蟲劑
Dinotefuran,達特南,枇杷,1.0,殺蟲劑
Dinotefuran,達特南,果菜類,0.5,殺蟲劑
Dinotefuran,達特南,油桃,1.0,殺蟲劑
Dinotefuran,達特南,狗尾草根,0.05,殺蟲劑
Dinotefuran,達特南,芳香萬壽菊,2.0,殺蟲劑
Dinotefuran,達特南,芹菜,2.0,殺蟲劑
Dinotefuran,達特南,金針,0.5,殺蟲劑
Dinotefuran,達特南,南瓜,1.0,殺蟲劑
Dinotefuran,達特南,扁豆,0.5,殺蟲劑
Dinotefuran,達特南,扁蒲,1.0,殺蟲劑
Dinotefuran,達特南,枸杞,0.5,殺蟲劑
Dinotefuran,達特南,柿,1.0,殺蟲劑
Dinotefuran,達特南,洋香瓜,1.0,殺蟲劑
Dinotefuran,達特南,洋蔥,0.1,殺蟲劑
Dinotefuran,達特南,秋葵,0.5,殺蟲劑
Dinotefuran,達特南,紅棗,1.0,殺蟲劑
Dinotefuran,達特南,紅鳳菜,2.0,殺蟲劑
Dinotefuran,達特南,苦瓜,1.0,殺蟲劑
Dinotefuran,達特南,茄子,0.5,殺蟲劑
Dinotefuran,達特南,香瓜,1.0,殺蟲劑
Dinotefuran,達特南,香蕉,1.0,殺蟲劑
Dinotefuran,達特南,夏南瓜,1.0,殺蟲劑
Dinotefuran,達特南,桑椹,0.5,殺蟲劑
Dinotefuran,達特南,桃,1.0,殺蟲劑
Dinotefuran,達特南,草莓,1.5,殺蟲劑
Dinotefuran,達特南,茶,10,殺蟲劑
Dinotefuran,達特南,茼蒿,2.0,殺蟲劑
Dinotefuran,達特南,豇豆(鮮),0.5,殺蟲劑
Dinotefuran,達特南,隼人瓜,1.0,殺蟲劑
Dinotefuran,達特南,馬鈴薯,0.05,殺蟲劑
Dinotefuran,達特南,梅,1.0,殺蟲劑
Dinotefuran,達特南,梨,1.0,殺蟲劑
Dinotefuran,達特南,甜椒,0.5,殺蟲劑
Dinotefuran,達特南,棉籽,0.2,殺蟲劑
Dinotefuran,達特南,番石榴,0.5,殺蟲劑
Dinotefuran,達特南,番茄,0.5,殺蟲劑
Dinotefuran,達特南,番荔枝,1.0,殺蟲劑
Dinotefuran,達特南,結球萵苣,2.0,殺蟲劑
Dinotefuran,達特南,絲瓜,1.0,殺蟲劑
Dinotefuran,達特南,菊花,10.0,殺蟲劑
Dinotefuran,達特南,菜豆,0.5,殺蟲劑
Dinotefuran,達特南,菠菜,2.0,殺蟲劑
Dinotefuran,達特南,萊豆,0.5,殺蟲劑
Dinotefuran,達特南,越瓜,1.0,殺蟲劑
Dinotefuran,達特南,黃金果,0.7,殺蟲劑
Dinotefuran,達特南,楊桃,0.5,殺蟲劑
Dinotefuran,達特南,葉用甘藷,2.0,殺蟲劑
Dinotefuran,達特南,葉用豌豆,2.0,殺蟲劑
Dinotefuran,達特南,葡萄,1.0,殺蟲劑
Dinotefuran,達特南,葡萄(乾),3.0,殺蟲劑
Dinotefuran,達特南,酪梨,1.0,殺蟲劑
Dinotefuran,達特南,榴槤蜜,0.7,殺蟲劑
Dinotefuran,達特南,辣椒,0.5,殺蟲劑
Dinotefuran,達特南,辣椒(乾),5.0,殺蟲劑
Dinotefuran,達特南,鳳梨,1.0,殺蟲劑
Dinotefuran,達特南,蓮霧,0.5,殺蟲劑
Dinotefuran,達特南,蔓越莓,0.15,殺蟲劑
Dinotefuran,達特南,豌豆,0.5,殺蟲劑
Dinotefuran,達特南,翼豆,0.5,殺蟲劑
Dinotefuran,達特南,蕹菜,2.0,殺蟲劑
Dinotefuran,達特南,闊包菊,2.0,殺蟲劑
Dinotefuran,達特南,闊葉大豆根,0.05,殺蟲劑
Dinotefuran,達特南,羅勒,2.0,殺蟲劑
Dinotefuran,達特南,蘆筍,0.05,殺蟲劑
Dinotefuran,達特南,蘋果,1.0,殺蟲劑
Dinotefuran,達特南,櫻桃,1.0,殺蟲劑
Dinotefuran,達特南,蘿蔔,0.05,殺蟲劑
Dinotefuran,達特南,蠶豆(鮮),0.5,殺蟲劑
Fluopicolide,氟比來,十字花科小葉菜類,3.0,殺菌劑
Fluopicolide,氟比來,十字花科包葉菜類,3.0,殺菌劑
Fluopicolide,氟比來,小黃瓜,0.5,殺菌劑
Fluopicolide,氟比來,山茼蒿,3.0,殺菌劑
Fluopicolide,氟比來,不結球萵苣,3.0,殺菌劑
Fluopicolide,氟比來,牛蒡,0.02,殺菌劑
Fluopicolide,氟比來,冬瓜,0.5,殺菌劑
Fluopicolide,氟比來,半結球萵苣,3.0,殺菌劑
Fluopicolide,氟比來,瓜果類,0.5,殺菌劑
Fluopicolide,氟比來,瓜菜類,0.5,殺菌劑
Fluopicolide,氟比來,白鳳菜,3.0,殺菌劑
Fluopicolide,氟比來,西瓜,0.5,殺菌劑
Fluopicolide,氟比來,芋頭,0.02,殺菌劑
Fluopicolide,氟比來,豆薯,0.02,殺菌劑
Fluopicolide,氟比來,果菜類,1.0,殺菌劑
Fluopicolide,氟比來,狗尾草根,0.02,殺菌劑
Fluopicolide,氟比來,芳香萬壽菊,3.0,殺菌劑
Fluopicolide,氟比來,金針,1.0,殺菌劑
Fluopicolide,氟比來,青蔥,3.0,殺菌劑
Fluopicolide,氟比來,南瓜,0.5,殺菌劑
Fluopicolide,氟比來,咸豐草,3.0,殺菌劑
Fluopicolide,氟比來,扁蒲,0.5,殺菌劑
Fluopicolide,氟比來,枸杞,1.0,殺菌劑
Fluopicolide,氟比來,洋牛蒡葉,3.0,殺菌劑
Fluopicolide,氟比來,洋香瓜,0.5,殺菌劑
Fluopicolide,氟比來,洋蔥,0.02,殺菌劑
Fluopicolide,氟比來,洛神葵,1.0,殺菌劑
Fluopicolide,氟比來,紅鳳菜,3.0,殺菌劑
Fluopicolide,氟比來,胡瓜,0.5,殺菌劑
Fluopicolide,氟比來,苦瓜,0.5,殺菌劑
Fluopicolide,氟比來,茄子,1.0,殺菌劑
Fluopicolide,氟比來,韭菜,3.0,殺菌劑
Fluopicolide,氟比來,韭菜花,3.0,殺菌劑
Fluopicolide,氟比來,韭黃,3.0,殺菌劑
Fluopicolide,氟比來,香瓜,0.5,殺菌劑
Fluopicolide,氟比來,香瓜茄,1.0,殺菌劑
Fluopicolide,氟比來,香椿,3.0,殺菌劑
Fluopicolide,氟比來,夏南瓜,0.5,殺菌劑
Fluopicolide,氟比來,紅蔥頭,0.02,殺菌劑
Fluopicolide,氟比來,茼蒿,3.0,殺菌劑
Fluopicolide,氟比來,草莓,2.0,殺菌劑
Fluopicolide,氟比來,隼人瓜,0.5,殺菌劑
Fluopicolide,氟比來,馬鈴薯,0.02,殺菌劑
Fluopicolide,氟比來,甜椒,1.0,殺菌劑
Fluopicolide,氟比來,甜菜根,0.02,殺菌劑
Fluopicolide,氟比來,朝鮮薊,3.0,殺菌劑
Fluopicolide,氟比來,番茄,1.0,殺菌劑
Fluopicolide,氟比來,結球萵苣,3.0,殺菌劑
Fluopicolide,氟比來,絲瓜,0.5,殺菌劑
Fluopicolide,氟比來,菠菜,3.0,殺菌劑
Fluopicolide,氟比來,越瓜,0.5,殺菌劑
Fluopicolide,氟比來,黑皮波羅門參,0.02,殺菌劑
Fluopicolide,氟比來,葉用豌豆,3.0,殺菌劑
Fluopicolide,氟比來,葡萄,2.0,殺菌劑
Fluopicolide,氟比來,蒜,3.0,殺菌劑
Fluopicolide,氟比來,蒜頭,0.02,殺菌劑
Fluopicolide,氟比來,辣椒,1.0,殺菌劑
Fluopicolide,氟比來,辣椒(乾),7.0,殺菌劑
Fluopicolide,氟比來,酸漿,1.0,殺菌劑
Fluopicolide,氟比來,樹番茄,1.0,殺菌劑
Fluopicolide,氟比來,蕎頭,0.02,殺菌劑
Fluopicolide,氟比來,蕗蕎,3.0,殺菌劑
Fluopicolide,氟比來,薑,0.02,殺菌劑
Fluopicolide,氟比來,闊包菊,3.0,殺菌劑
Fluopicolide,氟比來,闊葉大豆根,0.02,殺菌劑
Fluopicolide,氟比來,蟛蜞菊,3.0,殺菌劑
Fluopicolide,氟比來,羅勒,3.0,殺菌劑
Fluopicolide,氟比來,其他(蔬果類)*,0.01*,殺菌劑
Fluopicolide,氟比來,其他(穀類)*,0.02*,殺菌劑
Fluopicolide,氟比來,其他(茶類)*,0.05*,殺菌劑
Fluopyram,氟派瑞,小黃瓜,0.5,殺菌劑
Fluopyram,氟派瑞,木瓜,0.8,殺菌劑
Fluopyram,氟派瑞,火龍果,0.8,殺菌劑
Fluopyram,氟派瑞,百香果,0.8,殺菌劑
Fluopyram,氟派瑞,芒果,0.8,殺菌劑
Fluopyram,氟派瑞,紅毛丹,0.8,殺菌劑
Fluopyram,氟派瑞,落花生,0.03,殺菌劑
Fluopyram,氟派瑞,胡瓜,0.5,殺菌劑
Fluopyram,氟派瑞,胡蘿蔔,0.4,殺菌劑
Fluopyram,氟派瑞,香蕉,0.8,殺菌劑
Fluopyram,氟派瑞,桃,0.4,殺菌劑
Fluopyram,氟派瑞,草莓,0.4,殺菌劑
Fluopyram,氟派瑞,荔枝,0.8,殺菌劑
Fluopyram,氟派瑞,馬鈴薯,0.03,殺菌劑
Fluopyram,氟派瑞,其他乾豆類(落花生除外),0.07,殺菌劑
Fluopyram,氟派瑞,堅果類,0.04,殺菌劑
Fluopyram,氟派瑞,其他梨果類(桃、櫻桃除外),0.5,殺菌劑
Fluopyram,氟派瑞,甜菜根,0.04,殺菌劑
Fluopyram,氟派瑞,無花果,2.0,殺菌劑
Fluopyram,氟派瑞,番石榴,2.0,殺菌劑
Fluopyram,氟派瑞,番茄,0.4,殺菌劑
Fluopyram,氟派瑞,番荔枝,0.8,殺菌劑
Fluopyram,氟派瑞,楊桃,2.0,殺菌劑
Fluopyram,氟派瑞,葡萄,2.0,殺菌劑
Fluopyram,氟派瑞,葡萄(乾),5.0,殺菌劑
Fluopyram,氟派瑞,酪梨,0.8,殺菌劑
Fluopyram,氟派瑞,蓮霧,2.0,殺菌劑
Fluopyram,氟派瑞,龍眼,0.8,殺菌劑
Fluopyram,氟派瑞,櫻桃,0.7,殺菌劑
Fluxapyroxad,氟克殺,大豆,0.15,殺菌劑
Fluxapyroxad,氟克殺,大麥,2.0,殺菌劑
Fluxapyroxad,氟克殺,小麥,0.3,殺菌劑
Fluxapyroxad,氟克殺,毛豆,1.5,殺菌劑
Fluxapyroxad,氟克殺,玉米,0.01,殺菌劑
Fluxapyroxad,氟克殺,印度棗,2.0,殺菌劑
Fluxapyroxad,氟克殺,米類,0.5,殺菌劑
Fluxapyroxad,氟克殺,李,2.0,殺菌劑
Fluxapyroxad,氟克殺,杏,2.0,殺菌劑
Fluxapyroxad,氟克殺,杏仁,0.05,殺菌劑
Fluxapyroxad,氟克殺,其他豆菜類(毛豆除外),2.0,殺菌劑
Fluxapyroxad,氟克殺,果菜類,0.6,殺菌劑
Fluxapyroxad,氟克殺,油桃,2.0,殺菌劑
Fluxapyroxad,氟克殺,美洲胡桃,0.06,殺菌劑
Fluxapyroxad,氟克殺,香蕉,1.0,殺菌劑
Fluxapyroxad,氟克殺,落花生,0.01,殺菌劑
Fluxapyroxad,氟克殺,小扁豆(乾),0.4,殺菌劑
Fluxapyroxad,氟克殺,桃,2.0,殺菌劑
Fluxapyroxad,氟克殺,馬鈴薯,0.03,殺菌劑
Fluxapyroxad,氟克殺,其他乾豆類(大豆、落花生、小扁豆、棉籽、豌豆除外),0.3,殺菌劑
Fluxapyroxad,氟克殺,梅,2.0,殺菌劑
Fluxapyroxad,氟克殺,其他梨果類(李、杏、油桃、桃、梅、櫻桃除外),0.9,殺菌劑
Fluxapyroxad,氟克殺,甜菜根,0.15,殺菌劑
Fluxapyroxad,氟克殺,棉籽,0.01,殺菌劑
Fluxapyroxad,氟克殺,番茄,0.7,殺菌劑
Fluxapyroxad,氟克殺,黑麥,0.3,殺菌劑
Fluxapyroxad,氟克殺,辣椒(乾),6.0,殺菌劑
Fluxapyroxad,氟克殺,豌豆(乾),0.4,殺菌劑
Fluxapyroxad,氟克殺,燕麥,2.0,殺菌劑
Fluxapyroxad,氟克殺,藍莓,5.0,殺菌劑
Fluxapyroxad,氟克殺,櫻桃,2.0,殺菌劑
Glufosinate-ammonium,固殺草,大漿果類,0.05,殺草劑
Glufosinate-ammonium,固殺草,小黃瓜,0.05,殺草劑
Glufosinate-ammonium,固殺草,毛豆,0.2,殺草劑
Glufosinate-ammonium,固殺草,包葉菜類,0.05,殺草劑
Glufosinate-ammonium,固殺草,玉米,0.1,殺草劑
Glufosinate-ammonium,固殺草,瓜果類,0.05,殺草劑
Glufosinate-ammonium,固殺草,印度棗,0.1,殺草劑
Glufosinate-ammonium,固殺草,咖啡豆,0.1,殺草劑
Glufosinate-ammonium,固殺草,油菜籽,1.5,殺草劑
Glufosinate-ammonium,固殺草,金針,0.05,殺草劑
Glufosinate-ammonium,固殺草,青蔥,0.05,殺草劑
Glufosinate-ammonium,固殺草,扁蒲,0.05,殺草劑
Glufosinate-ammonium,固殺草,柑桔類,0.1,殺草劑
Glufosinate-ammonium,固殺草,洋香瓜,0.05,殺草劑
Glufosinate-ammonium,固殺草,洋蔥,0.05,殺草劑
Glufosinate-ammonium,固殺草,胡瓜,0.05,殺草劑
Glufosinate-ammonium,固殺草,胡蘿蔔,0.05,殺草劑
Glufosinate-ammonium,固殺草,苦瓜,0.05,殺草劑
Glufosinate-ammonium,固殺草,馬鈴薯,0.1,殺草劑
Glufosinate-ammonium,固殺草,堅果類,0.1,殺草劑
Glufosinate-ammonium,固殺草,柿,0.05,殺草劑
Glufosinate-ammonium,固殺草,梨,0.1,殺草劑
Glufosinate-ammonium,固殺草,其他梨果類(柿除外),0.1,殺草劑
Glufosinate-ammonium,固殺草,甜椒,0.05,殺草劑
Glufosinate-ammonium,固殺草,絲瓜,0.05,殺草劑
Glufosinate-ammonium,固殺草,菜籽原油,0.05,殺草劑
Glufosinate-ammonium,固殺草,大豆,2.0,殺草劑
Glufosinate-ammonium,固殺草,碧玉筍,0.05,殺草劑
Glufosinate-ammonium,固殺草,蓮霧,0.05,殺草劑
Glufosinate-ammonium,固殺草,蘆筍,0.4,殺草劑
Glufosinate-ammonium,固殺草,其他小漿果類(蓮霧除外),0.1,殺草劑
Hymexazol,殺紋寧,米類,1.0,殺菌劑
Imidacloprid,益達胺,小麥麵粉,0.03,殺蟲劑
Imidacloprid,益達胺,小黃瓜,0.5,殺蟲劑
Imidacloprid,益達胺,其他小葉菜類(半結球萵苣、不結球萵苣及芹菜除外),1.0,殺蟲劑
Imidacloprid,益達胺,小漿果類,1.0,殺蟲劑
Imidacloprid,益達胺,山藥,0.5,殺蟲劑
Imidacloprid,益達胺,木瓜,0.5,殺蟲劑
Imidacloprid,益達胺,毛豆,3.0,殺蟲劑
Imidacloprid,益達胺,不結球萵苣,3.5,殺蟲劑
Imidacloprid,益達胺,牛蒡,0.5,殺蟲劑
Imidacloprid,益達胺,冬瓜,0.5,殺蟲劑
Imidacloprid,益達胺,其他包葉菜類(結球萵苣除外),1.0,殺蟲劑
Imidacloprid,益達胺,半結球萵苣,3.5,殺蟲劑
Imidacloprid,益達胺,可可豆,0.1,殺蟲劑
Imidacloprid,益達胺,瓜果類,0.5,殺蟲劑
Imidacloprid,益達胺,石榴,1.0,殺蟲劑
Imidacloprid,益達胺,印度棗,0.5,殺蟲劑
Imidacloprid,益達胺,百合花,0.5,殺蟲劑
Imidacloprid,益達胺,百香果,0.5,殺蟲劑
Imidacloprid,益達胺,竹筍,0.5,殺蟲劑
Imidacloprid,益達胺,米類,0.2,殺蟲劑
Imidacloprid,益達胺,李,0.5,殺蟲劑
Imidacloprid,益達胺,杏,0.5,殺蟲劑
Imidacloprid,益達胺,芋頭,0.5,殺蟲劑
Imidacloprid,益達胺,豆菜類,3.0,殺蟲劑
Imidacloprid,益達胺,豆薯,0.5,殺蟲劑
Imidacloprid,益達胺,咖啡豆,1.0,殺蟲劑
Imidacloprid,益達胺,其他果菜類(甜椒除外),0.5,殺蟲劑
Imidacloprid,益達胺,枇杷,0.5,殺蟲劑
Imidacloprid,益達胺,油桃,0.5,殺蟲劑
Imidacloprid,益達胺,油菜籽,0.05,殺蟲劑
Imidacloprid,益達胺,玫瑰(鮮),0.5,殺蟲劑
Imidacloprid,益達胺,玫瑰(乾),3.0,殺蟲劑
Imidacloprid,益達胺,芝麻,1.0,殺蟲劑
Imidacloprid,益達胺,落花生,1.0,殺蟲劑
Imidacloprid,益達胺,芹菜,2.0,殺蟲劑
Imidacloprid,益達胺,金針,0.5,殺蟲劑
Imidacloprid,益達胺,南瓜,0.5,殺蟲劑
Imidacloprid,益達胺,扁蒲,0.5,殺蟲劑
Imidacloprid,益達胺,柿,0.5,殺蟲劑
Imidacloprid,益達胺,柑桔類,1.0,殺蟲劑
Imidacloprid,益達胺,洋蔥,0.5,殺蟲劑
Imidacloprid,益達胺,洛神葵(乾),2.0,殺蟲劑
Imidacloprid,益達胺,紅棗,0.5,殺蟲劑
Imidacloprid,益達胺,胡瓜,0.5,殺蟲劑
Imidacloprid,益達胺,胡椒,0.05,殺蟲劑
Imidacloprid,益達胺,苦瓜,0.5,殺蟲劑
Imidacloprid,益達胺,茉莉花,0.5,殺蟲劑
Imidacloprid,益達胺,風茹草,3.0,殺蟲劑
Imidacloprid,益達胺,百合鱗莖,0.5,殺蟲劑
Imidacloprid,益達胺,香蕉,0.5,殺蟲劑
Imidacloprid,益達胺,夏南瓜,0.5,殺蟲劑
Imidacloprid,益達胺,核果類,0.5,殺蟲劑
Imidacloprid,益達胺,其他根莖菜類(筊白筍、蓮藕除外),0.5,殺蟲劑
Imidacloprid,益達胺,桃,0.5,殺蟲劑
Imidacloprid,益達胺,紅蔥頭,0.5,殺蟲劑
Imidacloprid,益達胺,茶類,3.0,殺蟲劑
Imidacloprid,益達胺,馬鈴薯,0.5,殺蟲劑
Imidacloprid,益達胺,茭白筍,0.4,殺蟲劑
Imidacloprid,益達胺,其他乾豆類(油菜籽、葵花籽、蓮子除外),1.0,殺蟲劑
Imidacloprid,益達胺,啤酒花,10,殺蟲劑
Imidacloprid,益達胺,堅果類,0.01,殺蟲劑
Imidacloprid,益達胺,梅,0.5,殺蟲劑
Imidacloprid,益達胺,隼人瓜,0.5,殺蟲劑
Imidacloprid,益達胺,梨,0.5,殺蟲劑
Imidacloprid,益達胺,甜椒,1.0,殺蟲劑
Imidacloprid,益達胺,野薑花(鮮),0.5,殺蟲劑
Imidacloprid,益達胺,野薑花(乾),3.0,殺蟲劑
Imidacloprid,益達胺,麥類,0.05,殺蟲劑
Imidacloprid,益達胺,番荔枝,0.5,殺蟲劑
Imidacloprid,益達胺,紫蘇(乾),1.0,殺蟲劑
Imidacloprid,益達胺,結球萵苣,2.0,殺蟲劑
Imidacloprid,益達胺,絞股藍,0.5,殺蟲劑
Imidacloprid,益達胺,絲瓜,0.5,殺蟲劑
Imidacloprid,益達胺,菊花,3.0,殺蟲劑
Imidacloprid,益達胺,越瓜,0.5,殺蟲劑
Imidacloprid,益達胺,大豆,1.0,殺蟲劑
Imidacloprid,益達胺,黑皮波羅門參,0.5,殺蟲劑
Imidacloprid,益達胺,葵花籽,0.05,殺蟲劑
Imidacloprid,益達胺,酪梨,0.5,殺蟲劑
Imidacloprid,益達胺,蒜,0.5,殺蟲劑
Imidacloprid,益達胺,蓮子(乾),0.05,殺蟲劑
Imidacloprid,益達胺,蓮花(鮮),1.0,殺蟲劑
Imidacloprid,益達胺,蓮花(乾),3.0,殺蟲劑
Imidacloprid,益達胺,蓮藕,0.1,殺蟲劑
Imidacloprid,益達胺,蕗蕎,0.5,殺蟲劑
Imidacloprid,益達胺,薄荷,1.0,殺蟲劑
Imidacloprid,益達胺,雜糧類,0.05,殺蟲劑
Imidacloprid,益達胺,蘋果,0.5,殺蟲劑
Imidacloprid,益達胺,櫻桃,0.5,殺蟲劑
Imidacloprid,益達胺,其他(蔬果類)*,0.01*,殺蟲劑
Imidacloprid,益達胺,其他(穀類)*,0.02*,殺蟲劑
Imidacloprid,益達胺,其他(茶類)*,0.05*,殺蟲劑
Indoxacarb,因得克,十字花科蔬菜(小葉菜類),2.0,殺蟲劑
Indoxacarb,因得克,十字花科蔬菜(包葉菜類),2.0,殺蟲劑
Indoxacarb,因得克,毛豆,0.5,殺蟲劑
Indoxacarb,因得克,李,0.5,殺蟲劑
Indoxacarb,因得克,杏,0.5,殺蟲劑
Indoxacarb,因得克,油桃,0.5,殺蟲劑
Indoxacarb,因得克,青蔥,2.0,殺蟲劑
Indoxacarb,因得克,紅豆,0.01,殺蟲劑
Indoxacarb,因得克,茄子,0.5,殺蟲劑
Indoxacarb,因得克,韭菜,2.0,殺蟲劑
Indoxacarb,因得克,韭菜花,2.0,殺蟲劑
Indoxacarb,因得克,韭黃,2.0,殺蟲劑
Indoxacarb,因得克,桃,0.5,殺蟲劑
Indoxacarb,因得克,馬鈴薯,0.02,殺蟲劑
Indoxacarb,因得克,梅,0.5,殺蟲劑
Indoxacarb,因得克,梨,0.2,殺蟲劑
Indoxacarb,因得克,甜椒,0.3,殺蟲劑
Indoxacarb,因得克,落花生,0.01,殺蟲劑
Indoxacarb,因得克,番茄,0.5,殺蟲劑
Indoxacarb,因得克,大豆,0.05,殺蟲劑
Indoxacarb,因得克,綠豆,0.01,殺蟲劑
Indoxacarb,因得克,蒜,2.0,殺蟲劑
Indoxacarb,因得克,辣椒,0.3,殺蟲劑
Indoxacarb,因得克,蔓越莓,1.0,殺蟲劑
Indoxacarb,因得克,藍莓,1.0,殺蟲劑
Indoxacarb,因得克,蘋果,0.5,殺蟲劑
Indoxacarb,因得克,櫻桃,0.5,殺蟲劑
Indoxacarb,因得克,其他(蔬果類)*,0.01*,殺蟲劑
Indoxacarb,因得克,其他(穀類)*,0.01*,殺蟲劑
Indoxacarb,因得克,其他(茶類)*,0.01*,殺蟲劑
Kasugamycin,嘉賜黴素,米類,0.2,殺菌劑
Kasugamycin,嘉賜黴素,芋頭,0.03,殺菌劑
Kasugamycin,嘉賜黴素,核果類,0.5,殺菌劑
Kasugamycin,嘉賜黴素,茶,0.04,殺菌劑
Propamocarb hydrochloride,普拔克,十字花科小葉菜類,10.0,殺菌劑
Propamocarb hydrochloride,普拔克,十字花科包葉菜類,5.0,殺菌劑
Propamocarb hydrochloride,普拔克,小黃瓜,1.0,殺菌劑
Propamocarb hydrochloride,普拔克,山茼蒿,10.0,殺菌劑
Propamocarb hydrochloride,普拔克,不結球萵苣,10.0,殺菌劑
Propamocarb hydrochloride,普拔克,牛蒡,0.3,殺菌劑
Propamocarb hydrochloride,普拔克,冬瓜,1.0,殺菌劑
Propamocarb hydrochloride,普拔克,半結球萵苣,10.0,殺菌劑
Propamocarb hydrochloride,普拔克,瓜果類,2.0,殺菌劑
Propamocarb hydrochloride,普拔克,瓜菜類,1.0,殺菌劑
Propamocarb hydrochloride,普拔克,白鳳菜,10.0,殺菌劑
Propamocarb hydrochloride,普拔克,百合花,0.5,殺菌劑
Propamocarb hydrochloride,普拔克,百合鱗莖,0.3,殺菌劑
Propamocarb hydrochloride,普拔克,芋頭,0.3,殺菌劑
Propamocarb hydrochloride,普拔克,豆薯,0.3,殺菌劑
Propamocarb hydrochloride,普拔克,果菜類,2.0,殺菌劑
Propamocarb hydrochloride,普拔克,狗尾草根,0.3,殺菌劑
Propamocarb hydrochloride,普拔克,芳香萬壽菊,10.0,殺菌劑
Propamocarb hydrochloride,普拔克,青蔥,10.0,殺菌劑
Propamocarb hydrochloride,普拔克,南瓜,1.0,殺菌劑
Propamocarb hydrochloride,普拔克,咸豐草,10.0,殺菌劑
Propamocarb hydrochloride,普拔克,扁蒲,1.0,殺菌劑
Propamocarb hydrochloride,普拔克,洋牛蒡葉,10.0,殺菌劑
Propamocarb hydrochloride,普拔克,洋蔥,0.3,殺菌劑
Propamocarb hydrochloride,普拔克,紅鳳菜,10.0,殺菌劑
Propamocarb hydrochloride,普拔克,胡瓜,1.0,殺菌劑
Propamocarb hydrochloride,普拔克,胡椒,0.2,殺菌劑
Propamocarb hydrochloride,普拔克,苦瓜,1.0,殺菌劑
Propamocarb hydrochloride,普拔克,韭菜,10.0,殺菌劑
Propamocarb hydrochloride,普拔克,韭菜花,10.0,殺菌劑
Propamocarb hydrochloride,普拔克,韭黃,10.0,殺菌劑
Propamocarb hydrochloride,普拔克,香椿,10.0,殺菌劑
Propamocarb hydrochloride,普拔克,夏南瓜,1.0,殺菌劑
Propamocarb hydrochloride,普拔克,紅蔥頭,0.3,殺菌劑
Propamocarb hydrochloride,普拔克,茼蒿,10.0,殺菌劑
Propamocarb hydrochloride,普拔克,草莓,9.0,殺菌劑
Propamocarb hydrochloride,普拔克,隼人瓜,1.0,殺菌劑
Propamocarb hydrochloride,普拔克,馬鈴薯,0.3,殺菌劑
Propamocarb hydrochloride,普拔克,甜菜根,0.3,殺菌劑
Propamocarb hydrochloride,普拔克,朝鮮薊,10.0,殺菌劑
Propamocarb hydrochloride,普拔克,結球萵苣,10.0,殺菌劑
Propamocarb hydrochloride,普拔克,絲瓜,1.0,殺菌劑
Propamocarb hydrochloride,普拔克,菊花,0.5,殺菌劑
Propamocarb hydrochloride,普拔克,菠菜,10.0,殺菌劑
Propamocarb hydrochloride,普拔克,越瓜,1.0,殺菌劑
Propamocarb hydrochloride,普拔克,黑皮波羅門參,0.3,殺菌劑
Propamocarb hydrochloride,普拔克,葉用豌豆,10.0,殺菌劑
Propamocarb hydrochloride,普拔克,葡萄,9.0,殺菌劑
Propamocarb hydrochloride,普拔克,碧玉筍,0.3,殺菌劑
Propamocarb hydrochloride,普拔克,蒜,10.0,殺菌劑
Propamocarb hydrochloride,普拔克,蒜頭,0.3,殺菌劑
Propamocarb hydrochloride,普拔克,龍鬚菜,10.0,殺菌劑
Propamocarb hydrochloride,普拔克,蕎頭,0.3,殺菌劑
Propamocarb hydrochloride,普拔克,蕗蕎,10.0,殺菌劑
Propamocarb hydrochloride,普拔克,薑,0.3,殺菌劑
Propamocarb hydrochloride,普拔克,闊包菊,10.0,殺菌劑
Propamocarb hydrochloride,普拔克,闊葉大豆根,0.3,殺菌劑
Propamocarb hydrochloride,普拔克,蟛蜞菊,10.0,殺菌劑
Propamocarb hydrochloride,普拔克,羅勒,10.0,殺菌劑
Propamocarb hydrochloride,普拔克,蘿蔔,1.0,殺菌劑
Propamocarb hydrochloride,普拔克,其他(蔬果類)*,0.01*,殺菌劑
Propamocarb hydrochloride,普拔克,其他(穀類)*,0.02*,殺菌劑
Propamocarb hydrochloride,普拔克,其他(茶類)*,0.05*,殺菌劑
Pyraclostrobin,百克敏,刀豆,0.5,殺菌劑
Pyraclostrobin,百克敏,其他十字花科小葉菜類(芥菜除外),2.0,殺菌劑
Pyraclostrobin,百克敏,十字花科包葉菜類,2.0,殺菌劑
Pyraclostrobin,百克敏,大麥,0.4,殺菌劑
Pyraclostrobin,百克敏,小麥,0.02,殺菌劑
Pyraclostrobin,百克敏,山茼蒿,2.0,殺菌劑
Pyraclostrobin,百克敏,山藥,0.4,殺菌劑
Pyraclostrobin,百克敏,山蘇,2.0,殺菌劑
Pyraclostrobin,百克敏,不結球萵苣,2.0,殺菌劑
Pyraclostrobin,百克敏,木瓜,0.5,殺菌劑
Pyraclostrobin,百克敏,半結球萵苣,2.0,殺菌劑
Pyraclostrobin,百克敏,毛豆,0.5,殺菌劑
Pyraclostrobin,百克敏,火龍果 ,0.5,殺菌劑
Pyraclostrobin,百克敏,牛蒡,0.4,殺菌劑
Pyraclostrobin,百克敏,冬瓜,0.5,殺菌劑
Pyraclostrobin,百克敏,可可豆,0.1,殺菌劑
Pyraclostrobin,百克敏,玉米,0.1,殺菌劑
Pyraclostrobin,百克敏,瓜果類,0.5,殺菌劑
Pyraclostrobin,百克敏,瓜菜類,0.5,殺菌劑
Pyraclostrobin,百克敏,甘藷,0.4,殺菌劑
Pyraclostrobin,百克敏,白鳳菜,2.0,殺菌劑
Pyraclostrobin,百克敏,印度棗,1.0,殺菌劑
Pyraclostrobin,百克敏,百合花,5.0,殺菌劑
Pyraclostrobin,百克敏,百香果 ,0.5,殺菌劑
Pyraclostrobin,百克敏,艾草,5.0,殺菌劑
Pyraclostrobin,百克敏,西瓜,0.5,殺菌劑
Pyraclostrobin,百克敏,李,1.0,殺菌劑
Pyraclostrobin,百克敏,杏,1.0,殺菌劑
Pyraclostrobin,百克敏,杏仁,0.02,殺菌劑
Pyraclostrobin,百克敏,芋頭,0.4,殺菌劑
Pyraclostrobin,百克敏,芒果,0.5,殺菌劑
Pyraclostrobin,百克敏,豆薯,0.4,殺菌劑
Pyraclostrobin,百克敏,咖啡豆,0.3,殺菌劑
Pyraclostrobin,百克敏,枇杷,1.0,殺菌劑
Pyraclostrobin,百克敏,油桃,1.0,殺菌劑
Pyraclostrobin,百克敏,狗尾草根,0.4,殺菌劑
Pyraclostrobin,百克敏,落花生,0.02,殺菌劑
Pyraclostrobin,百克敏,花豆(鮮),0.5,殺菌劑
Pyraclostrobin,百克敏,芳香萬壽菊,2.0,殺菌劑
Pyraclostrobin,百克敏,芹菜,5.0,殺菌劑
Pyraclostrobin,百克敏,芥菜,5.0,殺菌劑
Pyraclostrobin,百克敏,小扁豆(乾),0.5,殺菌劑
Pyraclostrobin,百克敏,金針,0.5,殺菌劑
Pyraclostrobin,百克敏,金盞花,0.05,殺菌劑
Pyraclostrobin,百克敏,金線蓮,5.0,殺菌劑
Pyraclostrobin,百克敏,南瓜,0.5,殺菌劑
Pyraclostrobin,百克敏,扁豆,0.5,殺菌劑
Pyraclostrobin,百克敏,扁蒲,0.5,殺菌劑
Pyraclostrobin,百克敏,柿子,1.0,殺菌劑
Pyraclostrobin,百克敏,柑桔類,1.0,殺菌劑
Pyraclostrobin,百克敏,枸杞,0.5,殺菌劑
Pyraclostrobin,百克敏,枸杞葉,2.0,殺菌劑
Pyraclostrobin,百克敏,洋甘菊,5.0,殺菌劑
Pyraclostrobin,百克敏,洋香瓜,0.5,殺菌劑
Pyraclostrobin,百克敏,洋蔥,1.5,殺菌劑
Pyraclostrobin,百克敏,洛神葵,0.5,殺菌劑
Pyraclostrobin,百克敏,紅毛丹,0.5,殺菌劑
Pyraclostrobin,百克敏,紅鳳菜,2.0,殺菌劑
Pyraclostrobin,百克敏,紅蔥頭,1.5,殺菌劑
Pyraclostrobin,百克敏,胡蘿蔔,0.4,殺菌劑
Pyraclostrobin,百克敏,苦瓜,0.5,殺菌劑
Pyraclostrobin,百克敏,茄子,0.5,殺菌劑
Pyraclostrobin,百克敏,韭菜,2.0,殺菌劑
Pyraclostrobin,百克敏,韭菜花,2.0,殺菌劑
Pyraclostrobin,百克敏,韭黃,2.0,殺菌劑
Pyraclostrobin,百克敏,風茹草,5.0,殺菌劑
Pyraclostrobin,百克敏,香瓜,0.5,殺菌劑
Pyraclostrobin,百克敏,香瓜茄,0.5,殺菌劑
Pyraclostrobin,百克敏,香蕉,0.02,殺菌劑
Pyraclostrobin,百克敏,夏南瓜,0.5,殺菌劑
Pyraclostrobin,百克敏,桃,1.0,殺菌劑
Pyraclostrobin,百克敏,珠蔥,2.0,殺菌劑
Pyraclostrobin,百克敏,荔枝,0.5,殺菌劑
Pyraclostrobin,百克敏,草莓,0.5,殺菌劑
Pyraclostrobin,百克敏,茶,5.0,殺菌劑
Pyraclostrobin,百克敏,茶籽,0.2,殺菌劑
Pyraclostrobin,百克敏,馬鈴薯,0.02,殺菌劑
Pyraclostrobin,百克敏,茼蒿,2.0,殺菌劑
Pyraclostrobin,百克敏,豇豆(鮮),0.5,殺菌劑
Pyraclostrobin,百克敏,隼人瓜,0.5,殺菌劑
Pyraclostrobin,百克敏,高粱,0.5,殺菌劑
Pyraclostrobin,百克敏,其他乾豆類(落花生、小扁豆、菜豆、大豆、葵花籽、豌豆除外),0.2,殺菌劑
Pyraclostrobin,百克敏,啤酒花,10,殺菌劑
Pyraclostrobin,百克敏,其他堅果類(開心果除外),0.02,殺菌劑
Pyraclostrobin,百克敏,梅,1.0,殺菌劑
Pyraclostrobin,百克敏,梨,1.0,殺菌劑
Pyraclostrobin,百克敏,梨果類,1.0,殺菌劑
Pyraclostrobin,百克敏,甜椒,0.5,殺菌劑
Pyraclostrobin,百克敏,甜菜根,0.2,殺菌劑
Pyraclostrobin,百克敏,朝鮮薊,2.0,殺菌劑
Pyraclostrobin,百克敏,無花果,1.0,殺菌劑
Pyraclostrobin,百克敏,番石榴,1.0,殺菌劑
Pyraclostrobin,百克敏,番茄,1.5,殺菌劑
Pyraclostrobin,百克敏,番荔枝,0.5,殺菌劑
Pyraclostrobin,百克敏,結球萵苣,2.0,殺菌劑
Pyraclostrobin,百克敏,菠菜,5.0,殺菌劑
Pyraclostrobin,百克敏,絲瓜,0.5,殺菌劑
Pyraclostrobin,百克敏,菊花,5.0,殺菌劑
Pyraclostrobin,百克敏,萊豆,0.5,殺菌劑
Pyraclostrobin,百克敏,菜豆,0.5,殺菌劑
Pyraclostrobin,百克敏,菜豆(乾),0.1,殺菌劑
Pyraclostrobin,百克敏,越瓜,0.5,殺菌劑
Pyraclostrobin,百克敏,開心果,1.0,殺菌劑
Pyraclostrobin,百克敏,大豆,0.04,殺菌劑
Pyraclostrobin,百克敏,黑莓,3.0,殺菌劑
Pyraclostrobin,百克敏,黑麥,0.04,殺菌劑
Pyraclostrobin,百克敏,楊桃,1.0,殺菌劑
Pyraclostrobin,百克敏,葉用甘藷,2.0,殺菌劑
Pyraclostrobin,百克敏,葉用豌豆,2.0,殺菌劑
Pyraclostrobin,百克敏,葵花籽,0.3,殺菌劑
Pyraclostrobin,百克敏,葡萄,2.0,殺菌劑
Pyraclostrobin,百克敏,葡萄(乾),5.0,殺菌劑
Pyraclostrobin,百克敏,葡萄柚,1.0,殺菌劑
Pyraclostrobin,百克敏,酪梨 ,0.5,殺菌劑
Pyraclostrobin,百克敏,碧玉筍,0.02,殺菌劑
Pyraclostrobin,百克敏,蒜,2.0,殺菌劑
Pyraclostrobin,百克敏,蒜頭,1.5,殺菌劑
Pyraclostrobin,百克敏,辣椒,0.5,殺菌劑
Pyraclostrobin,百克敏,蓮霧,1.0,殺菌劑
Pyraclostrobin,百克敏,青蔥,2.0,殺菌劑
Pyraclostrobin,百克敏,闊包菊,2.0,殺菌劑
Pyraclostrobin,百克敏,闊葉大豆根,0.4,殺菌劑
Pyraclostrobin,百克敏,豌豆(包括莢豌豆及甜豌豆),0.5,殺菌劑
Pyraclostrobin,百克敏,豌豆(乾),0.1,殺菌劑
Pyraclostrobin,百克敏,樹豆(鮮),0.5,殺菌劑
Pyraclostrobin,百克敏,樹番茄,0.5,殺菌劑
Pyraclostrobin,百克敏,燕麥,1.0,殺菌劑
Pyraclostrobin,百克敏,蕎頭,1.5,殺菌劑
Pyraclostrobin,百克敏,龍眼,0.5,殺菌劑
Pyraclostrobin,百克敏,龍鬚菜,2.0,殺菌劑
Pyraclostrobin,百克敏,穗醋栗,1.0,殺菌劑
Pyraclostrobin,百克敏,翼豆,0.5,殺菌劑
Pyraclostrobin,百克敏,蕗蕎,2.0,殺菌劑
Pyraclostrobin,百克敏,蕹菜,2.0,殺菌劑
Pyraclostrobin,百克敏,薄荷,5.0,殺菌劑
Pyraclostrobin,百克敏,薑,0.4,殺菌劑
Pyraclostrobin,百克敏,檸檬,1.0,殺菌劑
Pyraclostrobin,百克敏,藍莓,1.0,殺菌劑
Pyraclostrobin,百克敏,覆盆子,3.0,殺菌劑
Pyraclostrobin,百克敏,蘋果,1.0,殺菌劑
Pyraclostrobin,百克敏,櫻桃,1.0,殺菌劑
Pyraclostrobin,百克敏,蘿蔔,0.5,殺菌劑
Pyraclostrobin,百克敏,蠶豆(鮮),0.5,殺菌劑
Pyraclostrobin,百克敏,鷹嘴豆,0.5,殺菌劑
Pyraclostrobin,百克敏,其他(蔬果類)*,0.01*,殺菌劑
Pyraclostrobin,百克敏,其他(穀類)*,0.01*,殺菌劑
Pyraclostrobin,百克敏,其他(茶類)*,0.05*,殺菌劑
Spinetoram,賜諾特,十字花科小葉菜類,2.0,殺蟲劑
Spinetoram,賜諾特,十字花科包葉菜類,2.0,殺蟲劑
Spinetoram,賜諾特,小扁豆(乾),0.05,殺蟲劑
Spinetoram,賜諾特,小麥,0.05,殺蟲劑
Spinetoram,賜諾特,山茼蒿,2.0,殺蟲劑
Spinetoram,賜諾特,山藥,0.02,殺蟲劑
Spinetoram,賜諾特,不結球萵苣,2.0,殺蟲劑
Spinetoram,賜諾特,牛蒡,0.02,殺蟲劑
Spinetoram,賜諾特,半結球萵苣,2.0,殺蟲劑
Spinetoram,賜諾特,玉米,0.05,殺蟲劑
Spinetoram,賜諾特,瓜果類,1.0,殺蟲劑
Spinetoram,賜諾特,瓜菜類,0.2,殺蟲劑
Spinetoram,賜諾特,白鳳菜,2.0,殺蟲劑
Spinetoram,賜諾特,印度棗,0.2,殺蟲劑
Spinetoram,賜諾特,百合花,3.0,殺蟲劑
Spinetoram,賜諾特,百合鱗莖,0.02,殺蟲劑
Spinetoram,賜諾特,百香果,0.2,殺蟲劑
Spinetoram,賜諾特,李,0.2,殺蟲劑
Spinetoram,賜諾特,杏,0.2,殺蟲劑
Spinetoram,賜諾特,杏仁,0.01,殺蟲劑
Spinetoram,賜諾特,芒果,0.2,殺蟲劑
Spinetoram,賜諾特,豆菜類(毛豆、菜豆、蠶豆除外),0.05,殺蟲劑
Spinetoram,賜諾特,豆薯,0.02,殺蟲劑
Spinetoram,賜諾特,奇異果,0.2,殺蟲劑
Spinetoram,賜諾特,枇杷,0.2,殺蟲劑
Spinetoram,賜諾特,油桃,0.2,殺蟲劑
Spinetoram,賜諾特,狗尾草根,0.02,殺蟲劑
Spinetoram,賜諾特,芝麻,0.05,殺蟲劑
Spinetoram,賜諾特,花豆(乾),0.05,殺蟲劑
Spinetoram,賜諾特,芳香萬壽菊,2.0,殺蟲劑
Spinetoram,賜諾特,芹菜,2.0,殺蟲劑
Spinetoram,賜諾特,金針,0.2,殺蟲劑
Spinetoram,賜諾特,青蔥,2.0,殺蟲劑
Spinetoram,賜諾特,枸杞,0.2,殺蟲劑
Spinetoram,賜諾特,枸杞葉,2.0,殺蟲劑
Spinetoram,賜諾特,柑桔類,0.2,殺蟲劑
Spinetoram,賜諾特,柿,0.2,殺蟲劑
Spinetoram,賜諾特,洋牛蒡葉,2.0,殺蟲劑
Spinetoram,賜諾特,洋蔥,0.01,殺蟲劑
Spinetoram,賜諾特,秋葵,0.2,殺蟲劑
Spinetoram,賜諾特,紅豆,0.05,殺蟲劑
Spinetoram,賜諾特,紅棗,0.2,殺蟲劑
Spinetoram,賜諾特,紅鳳菜,2.0,殺蟲劑
Spinetoram,賜諾特,紅蔥頭,0.02,殺蟲劑
Spinetoram,賜諾特,美洲胡桃,0.01,殺蟲劑
Spinetoram,賜諾特,茄子,0.2,殺蟲劑
Spinetoram,賜諾特,韭菜,2.0,殺蟲劑
Spinetoram,賜諾特,韭菜花,2.0,殺蟲劑
Spinetoram,賜諾特,韭黃,2.0,殺蟲劑
Spinetoram,賜諾特,香瓜茄,0.2,殺蟲劑
Spinetoram,賜諾特,桃,0.2,殺蟲劑
Spinetoram,賜諾特,桑椹,0.2,殺蟲劑
Spinetoram,賜諾特,珠蔥,2.0,殺蟲劑
Spinetoram,賜諾特,茶,3.0,殺蟲劑
Spinetoram,賜諾特,茼蒿,2.0,殺蟲劑
Spinetoram,賜諾特,草莓,1.0,殺蟲劑
Spinetoram,賜諾特,豇豆(乾),0.05,殺蟲劑
Spinetoram,賜諾特,馬鈴薯,0.02,殺蟲劑
Spinetoram,賜諾特,高粱,0.05,殺蟲劑
Spinetoram,賜諾特,堅果類,0.01,殺蟲劑
Spinetoram,賜諾特,梅,0.2,殺蟲劑
Spinetoram,賜諾特,梨,0.2,殺蟲劑
Spinetoram,賜諾特,梨果類,0.2,殺蟲劑
Spinetoram,賜諾特,甜椒,0.1,殺蟲劑
Spinetoram,賜諾特,甜菜根,0.01,殺蟲劑
Spinetoram,賜諾特,朝鮮薊,2.0,殺蟲劑
Spinetoram,賜諾特,番茄,0.1,殺蟲劑
Spinetoram,賜諾特,結球萵苣,2.0,殺蟲劑
Spinetoram,賜諾特,菜豆,0.2,殺蟲劑
Spinetoram,賜諾特,菠菜,2.0,殺蟲劑
Spinetoram,賜諾特,黑皮波羅門參,0.02,殺蟲劑
Spinetoram,賜諾特,大豆,0.05,殺蟲劑
Spinetoram,賜諾特,楊桃,0.5,殺蟲劑
Spinetoram,賜諾特,楊梅,0.5,殺蟲劑
Spinetoram,賜諾特,落花生,0.05,殺蟲劑
Spinetoram,賜諾特,葉用豌豆,2.0,殺蟲劑
Spinetoram,賜諾特,葡萄,0.5,殺蟲劑
Spinetoram,賜諾特,酪梨,0.2,殺蟲劑
Spinetoram,賜諾特,碧玉筍,0.02,殺蟲劑
Spinetoram,賜諾特,綠豆,0.05,殺蟲劑
Spinetoram,賜諾特,蒜,2.0,殺蟲劑
Spinetoram,賜諾特,蒜頭,0.02,殺蟲劑
Spinetoram,賜諾特,辣椒,0.2,殺蟲劑
Spinetoram,賜諾特,酸漿,0.2,殺蟲劑
Spinetoram,賜諾特,蓮子,0.05,殺蟲劑
Spinetoram,賜諾特,蓮花,3.0,殺蟲劑
Spinetoram,賜諾特,蓮藕,0.02,殺蟲劑
Spinetoram,賜諾特,蓮霧,0.2,殺蟲劑
Spinetoram,賜諾特,樹豆(乾),0.05,殺蟲劑
Spinetoram,賜諾特,樹番茄,0.2,殺蟲劑
Spinetoram,賜諾特,蕎頭,0.02,殺蟲劑
Spinetoram,賜諾特,龍鬚菜,2.0,殺蟲劑
Spinetoram,賜諾特,蕗蕎,2.0,殺蟲劑
Spinetoram,賜諾特,薏仁,0.05,殺蟲劑
Spinetoram,賜諾特,闊包菊,2.0,殺蟲劑
Spinetoram,賜諾特,闊葉大豆根,0.02,殺蟲劑
Spinetoram,賜諾特,藍莓,0.2,殺蟲劑
Spinetoram,賜諾特,覆盆子,0.5,殺蟲劑
Spinetoram,賜諾特,蘆筍,0.02,殺蟲劑
Spinetoram,賜諾特,蘋果,0.2,殺蟲劑
Spinetoram,賜諾特,櫻桃,0.2,殺蟲劑
Spiromesifen,賜滅芬,仙草,5.0,殺蟲劑
Spiromesifen,賜滅芬,艾草,5.0,殺蟲劑
Spiromesifen,賜滅芬,枸杞,2.0,殺蟲劑
Spiromesifen,賜滅芬,茄子,2.0,殺蟲劑
Spiromesifen,賜滅芬,風茹草,5.0,殺蟲劑
Spiromesifen,賜滅芬,香瓜茄,2.0,殺蟲劑
Spiromesifen,賜滅芬,草莓,1.0,殺蟲劑
Spiromesifen,賜滅芬,梨,2.0,殺蟲劑
Spiromesifen,賜滅芬,甜椒,2.0,殺蟲劑
Spiromesifen,賜滅芬,甜菊葉,5.0,殺蟲劑
Spiromesifen,賜滅芬,野茄,2.0,殺蟲劑
Spiromesifen,賜滅芬,番茄,2.0,殺蟲劑
Spiromesifen,賜滅芬,菊花,5.0,殺蟲劑
Spiromesifen,賜滅芬,辣椒,2.0,殺蟲劑
Spiromesifen,賜滅芬,酸漿,2.0,殺蟲劑
Spiromesifen,賜滅芬,樹番茄,2.0,殺蟲劑
Spiromesifen,賜滅芬,蘋果,2.0,殺蟲劑
Sulfoxaflor,速殺氟,其他十字花科包葉菜類(花椰菜除外),3.0,殺蟲劑
Sulfoxaflor,速殺氟,大麥,0.6,殺蟲劑
Sulfoxaflor,速殺氟,小麥,0.2,殺蟲劑
Sulfoxaflor,速殺氟,小葉菜類,3.0,殺蟲劑
Sulfoxaflor,速殺氟,瓜果類,0.5,殺蟲劑
Sulfoxaflor,速殺氟,瓜菜類,0.5,殺蟲劑
Sulfoxaflor,速殺氟,果菜類,1.5,殺蟲劑
Sulfoxaflor,速殺氟,油菜籽,0.15,殺蟲劑
Sulfoxaflor,速殺氟,花椰菜,0.1,殺蟲劑
Sulfoxaflor,速殺氟,柑桔類,0.7,殺蟲劑
Sulfoxaflor,速殺氟,洋蔥,0.01,殺蟲劑
Sulfoxaflor,速殺氟,胡蘿蔔,0.05,殺蟲劑
Sulfoxaflor,速殺氟,其他根莖菜類(蒜頭、洋蔥、胡蘿蔔除外),0.03,殺蟲劑
Sulfoxaflor,速殺氟,草莓,0.5,殺蟲劑
Sulfoxaflor,速殺氟,其他乾豆類(棉籽、油菜籽除外),0.3,殺蟲劑
Sulfoxaflor,速殺氟,朝鮮薊,3.0,殺蟲劑
Sulfoxaflor,速殺氟,棉籽,0.4,殺蟲劑
Sulfoxaflor,速殺氟,結球萵苣,3.0,殺蟲劑
Sulfoxaflor,速殺氟,葡萄,2.0,殺蟲劑
Sulfoxaflor,速殺氟,葡萄(乾),6.0,殺蟲劑
Sulfoxaflor,速殺氟,蒜頭,0.01,殺蟲劑
Sulfoxaflor,速殺氟,辣椒(乾),15,殺蟲劑
Tebuconazole,得克利,小麥,0.05,殺菌劑
Tebuconazole,得克利,大麥,0.2,殺菌劑
Tebuconazole,得克利,小黃瓜,0.15,殺菌劑
Tebuconazole,得克利,木瓜,0.5,殺菌劑
Tebuconazole,得克利,火龍果,0.5,殺菌劑
Tebuconazole,得克利,可可豆,0.05,殺菌劑
Tebuconazole,得克利,瓜果類,1.0,殺菌劑
Tebuconazole,得克利,甘藍,1.0,殺菌劑
Tebuconazole,得克利,百香果 ,0.5,殺菌劑
Tebuconazole,得克利,米類,0.05,殺菌劑
Tebuconazole,得克利,李,1.0,殺菌劑
Tebuconazole,得克利,杏,2.0,殺菌劑
Tebuconazole,得克利,芒果,1.0,殺菌劑
Tebuconazole,得克利,咖啡豆,0.1,殺菌劑
Tebuconazole,得克利,奇異果,0.5,殺菌劑
Tebuconazole,得克利,抱子甘藍,0.3,殺菌劑
Tebuconazole,得克利,枇杷,0.5,殺菌劑
Tebuconazole,得克利,油桃,1.0,殺菌劑
Tebuconazole,得克利,花椰菜,0.05,殺菌劑
Tebuconazole,得克利,青花菜,0.2,殺菌劑
Tebuconazole,得克利,枸杞,1.0,殺菌劑
Tebuconazole,得克利,柿,1.0,殺菌劑
Tebuconazole,得克利,洋蔥,0.1,殺菌劑
Tebuconazole,得克利,紅毛丹,0.5,殺菌劑
Tebuconazole,得克利,胡瓜,0.15,殺菌劑
Tebuconazole,得克利,胡蘿蔔,0.4,殺菌劑
Tebuconazole,得克利,茄子,1.0,殺菌劑
Tebuconazole,得克利,香瓜茄,1.0,殺菌劑
Tebuconazole,得克利,香蕉 ,0.2,殺菌劑
Tebuconazole,得克利,夏南瓜,0.2,殺菌劑
Tebuconazole,得克利,荔枝,1.0,殺菌劑
Tebuconazole,得克利,茶,10,殺菌劑
Tebuconazole,得克利,桃,1.0,殺菌劑
Tebuconazole,得克利,乾豆類,0.5,殺菌劑
Tebuconazole,得克利,啤酒花,30,殺菌劑
Tebuconazole,得克利,堅果類,0.05,殺菌劑
Tebuconazole,得克利,接骨木莓,1.5,殺菌劑
Tebuconazole,得克利,梅,0.5,殺菌劑
Tebuconazole,得克利,梨,0.5,殺菌劑
Tebuconazole,得克利,甜椒,1.0,殺菌劑
Tebuconazole,得克利,野茄,1.0,殺菌劑
Tebuconazole,得克利,朝鮮薊,0.6,殺菌劑
Tebuconazole,得克利,無花果,2.0,殺菌劑
Tebuconazole,得克利,番石榴,2.0,殺菌劑
Tebuconazole,得克利,番茄,0.7,殺菌劑
Tebuconazole,得克利,番荔枝 ,0.5,殺菌劑
Tebuconazole,得克利,黃金果,0.2,殺菌劑
Tebuconazole,得克利,黑麥,0.15,殺菌劑
Tebuconazole,得克利,奧勒岡草,0.5,殺菌劑
Tebuconazole,得克利,楊桃,2.0,殺菌劑
Tebuconazole,得克利,葡萄,2.0,殺菌劑
Tebuconazole,得克利,葡萄(乾),7.0,殺菌劑
Tebuconazole,得克利,酪梨,0.5,殺菌劑
Tebuconazole,得克利,蒜頭,0.1,殺菌劑
Tebuconazole,得克利,辣椒,1.0,殺菌劑
Tebuconazole,得克利,酸漿,1.0,殺菌劑
Tebuconazole,得克利,蓮霧,2.0,殺菌劑
Tebuconazole,得克利,樹番茄,1.0,殺菌劑
Tebuconazole,得克利,橄欖,0.05,殺菌劑
Tebuconazole,得克利,龍眼,1.0,殺菌劑
Tebuconazole,得克利,蘋果,1.0,殺菌劑
Tebuconazole,得克利,櫻桃,2.0,殺菌劑
Tebuconazole,得克利,其他(蔬果類)*,0.01*,殺菌劑
Tebuconazole,得克利,其他(穀類)*,0.02*,殺菌劑
Tebuconazole,得克利,其他(茶類)*,0.05*,殺菌劑
Tecloftalam,克枯爛,米,0.2,殺菌劑
Thiamethoxam,賽速安,刀豆,0.02,殺蟲劑
Thiamethoxam,賽速安,十字花科小葉菜類,2.0,殺蟲劑
Thiamethoxam,賽速安,十字花科包葉菜類,1.0,殺蟲劑
Thiamethoxam,賽速安,大麥,0.4,殺蟲劑
Thiamethoxam,賽速安,小麥,0.05,殺蟲劑
Thiamethoxam,賽速安,其他小葉菜類(不結球萵苣、半結球萵苣除外),2.0,殺蟲劑
Thiamethoxam,賽速安,其他小漿果類(番石榴、葡萄除外),0.5,殺蟲劑
Thiamethoxam,賽速安,山茼蒿,2.0,殺蟲劑
Thiamethoxam,賽速安,不結球萵苣,3.0,殺蟲劑
Thiamethoxam,賽速安,木瓜,0.01,殺蟲劑
Thiamethoxam,賽速安,毛豆,0.02,殺蟲劑
Thiamethoxam,賽速安,火龍果,1.0,殺蟲劑
Thiamethoxam,賽速安,半結球萵苣,3.0,殺蟲劑
Thiamethoxam,賽速安,可可豆,0.02,殺蟲劑
Thiamethoxam,賽速安,玉米,0.05,殺蟲劑
Thiamethoxam,賽速安,瓜果類,0.2,殺蟲劑
Thiamethoxam,賽速安,瓜菜類,0.2,殺蟲劑
Thiamethoxam,賽速安,白鳳菜,2.0,殺蟲劑
Thiamethoxam,賽速安,冬瓜,0.2,殺蟲劑
Thiamethoxam,賽速安,百香果,1.0,殺蟲劑
Thiamethoxam,賽速安,米類,0.1,殺蟲劑
Thiamethoxam,賽速安,西瓜,0.2,殺蟲劑
Thiamethoxam,賽速安,李,0.4,殺蟲劑
Thiamethoxam,賽速安,杏,0.5,殺蟲劑
Thiamethoxam,賽速安,杏仁,0.02,殺蟲劑
Thiamethoxam,賽速安,芒果,0.2,殺蟲劑
Thiamethoxam,賽速安,其他豆菜類(刀豆、毛豆、花豆、扁豆、豇豆、菜豆、萊豆、豌豆、樹豆、翼豆、蠶豆、鷹嘴豆除外),0.01,殺蟲劑
Thiamethoxam,賽速安,豆薯,0.25,殺蟲劑
Thiamethoxam,賽速安,咖啡豆,0.2,殺蟲劑
Thiamethoxam,賽速安,其他果菜類(番茄除外),0.5,殺蟲劑
Thiamethoxam,賽速安,油桃,0.4,殺蟲劑
Thiamethoxam,賽速安,狗尾草根,0.25,殺蟲劑
Thiamethoxam,賽速安,花豆(鮮),0.02,殺蟲劑
Thiamethoxam,賽速安,芳香萬壽菊,2.0,殺蟲劑
Thiamethoxam,賽速安,芹菜,2.0,殺蟲劑
Thiamethoxam,賽速安,金針,0.5,殺蟲劑
Thiamethoxam,賽速安,青蔥,2.0,殺蟲劑
Thiamethoxam,賽速安,南瓜,0.2,殺蟲劑
Thiamethoxam,賽速安,扁豆,0.02,殺蟲劑
Thiamethoxam,賽速安,扁蒲,0.2,殺蟲劑
Thiamethoxam,賽速安,其他柑桔類(葡萄柚、檸檬除外),1.0,殺蟲劑
Thiamethoxam,賽速安,柿,0.5,殺蟲劑
Thiamethoxam,賽速安,茄子,0.5,殺蟲劑
Thiamethoxam,賽速安,洋香瓜,0.2,殺蟲劑
Thiamethoxam,賽速安,紅鳳菜,2.0,殺蟲劑
Thiamethoxam,賽速安,美洲胡桃,0.01,殺蟲劑
Thiamethoxam,賽速安,胡瓜,0.2,殺蟲劑
Thiamethoxam,賽速安,苦瓜,0.2,殺蟲劑
Thiamethoxam,賽速安,風茹草,1.0,殺蟲劑
Thiamethoxam,賽速安,香瓜,0.2,殺蟲劑
Thiamethoxam,賽速安,香蕉,0.02,殺蟲劑
Thiamethoxam,賽速安,夏南瓜,0.2,殺蟲劑
Thiamethoxam,賽速安,根莖菜類,0.25,殺蟲劑
Thiamethoxam,賽速安,桃,0.4,殺蟲劑
Thiamethoxam,賽速安,茶類,1.0,殺蟲劑
Thiamethoxam,賽速安,馬鈴薯,0.25,殺蟲劑
Thiamethoxam,賽速安,茼蒿,2.0,殺蟲劑
Thiamethoxam,賽速安,豇豆(鮮),0.02,殺蟲劑
Thiamethoxam,賽速安,隼人瓜,0.2,殺蟲劑
Thiamethoxam,賽速安,高梁,0.1,殺蟲劑
Thiamethoxam,賽速安,乾豆類,0.02,殺蟲劑
Thiamethoxam,賽速安,啤酒花,0.1,殺蟲劑
Thiamethoxam,賽速安,梅,0.5,殺蟲劑
Thiamethoxam,賽速安,梨,0.5,殺蟲劑
Thiamethoxam,賽速安,其他梨果類(李、杏、油桃、柿、桃、梅、梨、蘋果、櫻桃除外),0.3,殺蟲劑
Thiamethoxam,賽速安,甜椒,0.5,殺蟲劑
Thiamethoxam,賽速安,朝鮮薊,0.45,殺蟲劑
Thiamethoxam,賽速安,番石榴,0.2,殺蟲劑
Thiamethoxam,賽速安,番茄,0.2,殺蟲劑
Thiamethoxam,賽速安,番荔枝,1.0,殺蟲劑
Thiamethoxam,賽速安,結球萵苣,2.0,殺蟲劑
Thiamethoxam,賽速安,菊花,1.0,殺蟲劑
Thiamethoxam,賽速安,菜豆,0.02,殺蟲劑
Thiamethoxam,賽速安,菠菜,2.0,殺蟲劑
Thiamethoxam,賽速安,萊豆,0.02,殺蟲劑
Thiamethoxam,賽速安,葉用甘藷,2.0,殺蟲劑
Thiamethoxam,賽速安,葉用豌豆,2.0,殺蟲劑
Thiamethoxam,賽速安,絲瓜,0.2,殺蟲劑
Thiamethoxam,賽速安,越瓜,0.2,殺蟲劑
Thiamethoxam,賽速安,大豆,0.02,殺蟲劑
Thiamethoxam,賽速安,黃金果,1.0,殺蟲劑
Thiamethoxam,賽速安,葡萄,0.3,殺蟲劑
Thiamethoxam,賽速安,葡萄柚,0.4,殺蟲劑
Thiamethoxam,賽速安,酪梨,1.0,殺蟲劑
Thiamethoxam,賽速安,榴槤蜜,1.0,殺蟲劑
Thiamethoxam,賽速安,辣椒(乾),7.0,殺蟲劑
Thiamethoxam,賽速安,鳳梨,0.01,殺蟲劑
Thiamethoxam,賽速安,蓮霧,0.5,殺蟲劑
Thiamethoxam,賽速安,豌豆,0.02,殺蟲劑
Thiamethoxam,賽速安,樹豆(鮮),0.02,殺蟲劑
Thiamethoxam,賽速安,蕈菜類,0.7,殺蟲劑
Thiamethoxam,賽速安,翼豆,0.02,殺蟲劑
Thiamethoxam,賽速安,闊包菊,2.0,殺蟲劑
Thiamethoxam,賽速安,闊葉大豆根,0.25,殺蟲劑
Thiamethoxam,賽速安,蕹菜,2.0,殺蟲劑
Thiamethoxam,賽速安,羅勒,2.0,殺蟲劑
Thiamethoxam,賽速安,檸檬,0.5,殺蟲劑
Thiamethoxam,賽速安,蘋果,0.2,殺蟲劑
Thiamethoxam,賽速安,櫻桃,0.5,殺蟲劑
Thiamethoxam,賽速安,蠶豆(鮮),0.02,殺蟲劑
Thiamethoxam,賽速安,鷹嘴豆,0.02,殺蟲劑
Thiamethoxam,賽速安,其他(蔬果類)*,0.01*,殺蟲劑
Thiamethoxam,賽速安,其他(穀類)*,0.01*,殺蟲劑
Thiamethoxam,賽速安,其他(茶類)*,0.05*,殺蟲劑
Trifloxystrobin,三氟敏,大麥,0.1,殺菌劑
Trifloxystrobin,三氟敏,小麥,0.1,殺菌劑
Trifloxystrobin,三氟敏,小黃瓜,0.3,殺菌劑
Trifloxystrobin,三氟敏,木瓜,0.5,殺菌劑
Trifloxystrobin,三氟敏,火龍果,0.5,殺菌劑
Trifloxystrobin,三氟敏,冬瓜,0.2,殺菌劑
Trifloxystrobin,三氟敏,玉米,0.02,殺菌劑
Trifloxystrobin,三氟敏,其他瓜果類(西瓜、洋香瓜、香瓜除外),0.3,殺菌劑
Trifloxystrobin,三氟敏,其他瓜菜類(小黃瓜、胡瓜除外),0.2,殺菌劑
Trifloxystrobin,三氟敏,甘藍,0.5,殺菌劑
Trifloxystrobin,三氟敏,印度棗,0.5,殺菌劑
Trifloxystrobin,三氟敏,百合花,0.3,殺菌劑
Trifloxystrobin,三氟敏,百合鱗莖,0.02,殺菌劑
Trifloxystrobin,三氟敏,百香果 ,0.5,殺菌劑
Trifloxystrobin,三氟敏,米,0.2,殺菌劑
Trifloxystrobin,三氟敏,西瓜,0.5,殺菌劑
Trifloxystrobin,三氟敏,李,3.0,殺菌劑
Trifloxystrobin,三氟敏,杏,3.0,殺菌劑
Trifloxystrobin,三氟敏,杏仁,0.02,殺菌劑
Trifloxystrobin,三氟敏,芒果,0.7,殺菌劑
Trifloxystrobin,三氟敏,初榨橄欖油,0.9,殺菌劑
Trifloxystrobin,三氟敏,抱子甘藍,0.1,殺菌劑
Trifloxystrobin,三氟敏,枇杷,0.5,殺菌劑
Trifloxystrobin,三氟敏,油桃,3.0,殺菌劑
Trifloxystrobin,三氟敏,落花生,0.05,殺菌劑
Trifloxystrobin,三氟敏,花豆(乾),0.05,殺菌劑
Trifloxystrobin,三氟敏,芹菜,1.0,殺菌劑
Trifloxystrobin,三氟敏,金針,0.3,殺菌劑
Trifloxystrobin,三氟敏,青蔥,2.0,殺菌劑
Trifloxystrobin,三氟敏,南瓜,0.2,殺菌劑
Trifloxystrobin,三氟敏,扁蒲,0.2,殺菌劑
Trifloxystrobin,三氟敏,枸杞,0.5,殺菌劑
Trifloxystrobin,三氟敏,柿,0.5,殺菌劑
Trifloxystrobin,三氟敏,柑桔類,0.5,殺菌劑
Trifloxystrobin,三氟敏,柚子,0.5,殺菌劑
Trifloxystrobin,三氟敏,洋香瓜,0.5,殺菌劑
Trifloxystrobin,三氟敏,洋蔥,0.02,殺菌劑
Trifloxystrobin,三氟敏,紅毛丹,0.5,殺菌劑
Trifloxystrobin,三氟敏,紅棗,0.5,殺菌劑
Trifloxystrobin,三氟敏,美洲胡桃,0.02,殺菌劑
Trifloxystrobin,三氟敏,胡瓜,0.3,殺菌劑
Trifloxystrobin,三氟敏,胡蘿蔔,0.1,殺菌劑
Trifloxystrobin,三氟敏,苦瓜,0.2,殺菌劑
Trifloxystrobin,三氟敏,茄子,0.5,殺菌劑
Trifloxystrobin,三氟敏,韭菜,2.0,殺菌劑
Trifloxystrobin,三氟敏,韭菜花,2.0,殺菌劑
Trifloxystrobin,三氟敏,韭黃,2.0,殺菌劑
Trifloxystrobin,三氟敏,香瓜,0.5,殺菌劑
Trifloxystrobin,三氟敏,香瓜茄,0.5,殺菌劑
Trifloxystrobin,三氟敏,香蕉,0.5,殺菌劑
Trifloxystrobin,三氟敏,夏南瓜,0.2,殺菌劑
Trifloxystrobin,三氟敏,桃,3.0,殺菌劑
Trifloxystrobin,三氟敏,紅蔥頭,0.02,殺菌劑
Trifloxystrobin,三氟敏,珠蔥,2.0,殺菌劑
Trifloxystrobin,三氟敏,草莓,1.0,殺菌劑
Trifloxystrobin,三氟敏,荔枝 ,0.5,殺菌劑
Trifloxystrobin,三氟敏,豇豆(乾),0.05,殺菌劑
Trifloxystrobin,三氟敏,馬鈴薯,0.02,殺菌劑
Trifloxystrobin,三氟敏,隼人瓜,0.2,殺菌劑
Trifloxystrobin,三氟敏,啤酒花,30,殺菌劑
Trifloxystrobin,三氟敏,堅果類,0.02,殺菌劑
Trifloxystrobin,三氟敏,梅,3.0,殺菌劑
Trifloxystrobin,三氟敏,梨,0.5,殺菌劑
Trifloxystrobin,三氟敏,其他梨果類(印度棗、李、杏、枇杷、油桃、柿、紅棗、桃、梅、梨、櫻桃除外),0.7,殺菌劑
Trifloxystrobin,三氟敏,甜椒,0.5,殺菌劑
Trifloxystrobin,三氟敏,甜菜根,0.05,殺菌劑
Trifloxystrobin,三氟敏,野茄,0.5,殺菌劑
Trifloxystrobin,三氟敏,無花果,1.0,殺菌劑
Trifloxystrobin,三氟敏,番石榴,1.0,殺菌劑
Trifloxystrobin,三氟敏,番茄,0.5,殺菌劑
Trifloxystrobin,三氟敏,番荔枝 ,0.5,殺菌劑
Trifloxystrobin,三氟敏,絲瓜,0.2,殺菌劑
Trifloxystrobin,三氟敏,萊姆,0.5,殺菌劑
Trifloxystrobin,三氟敏,越瓜,0.2,殺菌劑
Trifloxystrobin,三氟敏,大豆,0.05,殺菌劑
Trifloxystrobin,三氟敏,楊桃,1.0,殺菌劑
Trifloxystrobin,三氟敏,葡萄,2.0,殺菌劑
Trifloxystrobin,三氟敏,葡萄(乾),5.0,殺菌劑
Trifloxystrobin,三氟敏,葡萄柚,0.5,殺菌劑
Trifloxystrobin,三氟敏,酪梨,0.5,殺菌劑
Trifloxystrobin,三氟敏,碧玉筍,0.02,殺菌劑
Trifloxystrobin,三氟敏,精製橄欖油,1.2,殺菌劑
Trifloxystrobin,三氟敏,綠豆,0.05,殺菌劑
Trifloxystrobin,三氟敏,蒜,2.0,殺菌劑
Trifloxystrobin,三氟敏,蒜頭,0.02,殺菌劑
Trifloxystrobin,三氟敏,辣椒,0.5,殺菌劑
Trifloxystrobin,三氟敏,酸漿,0.5,殺菌劑
Trifloxystrobin,三氟敏,蓮霧,1.0,殺菌劑
Trifloxystrobin,三氟敏,樹豆(乾),0.05,殺菌劑
Trifloxystrobin,三氟敏,樹番茄,0.5,殺菌劑
Trifloxystrobin,三氟敏,橄欖,0.3,殺菌劑
Trifloxystrobin,三氟敏,龍眼 ,0.5,殺菌劑
Trifloxystrobin,三氟敏,蕎頭,0.02,殺菌劑
Trifloxystrobin,三氟敏,蕗蕎,2.0,殺菌劑
Trifloxystrobin,三氟敏,檸檬,0.5,殺菌劑
Trifloxystrobin,三氟敏,蘆筍,0.05,殺菌劑
Trifloxystrobin,三氟敏,蘋果,0.7,殺菌劑
Trifloxystrobin,三氟敏,櫻桃,3.0,殺菌劑
Trifloxystrobin,三氟敏,蘿蔔,0.08,殺菌劑
Trifloxystrobin,三氟敏,蠶豆(乾),0.05,殺菌劑
Trifloxystrobin,三氟敏,其他(蔬果類)*,0.01*,殺菌劑
Trifloxystrobin,三氟敏,其他(穀類)*,0.01*,殺菌劑
Trifloxystrobin,三氟敏,其他(茶類)*,0.05*,殺菌劑
